href,text
https://www.youtube.com/user/longislandmedia/videos,
https://www.facebook.com/LongIslandCom,
http://instagram.com/longisland/,
https://twitter.com/longisland,
http://pinterest.com/longisland/,
https://www.longisland.com/,
https://www.gymguyz.com/,
https://taproomofny.com/,
https://longislandcateringhalls.com/,
https://www.longisland.com/,
https://www.gymguyz.com/,
https://taproomofny.com/,
https://longislandcateringhalls.com/,
https://www.longisland.com/,Home
https://www.longisland.com/things-to-do/,Things To Do 
https://www.longisland.com/things-to-do/,All Things To Do
https://www.longisland.com/amusement-parks/,Amusement Parks
https://www.longisland.com/beaches/,Beaches
https://www.longisland.com/boating/,Boating & Fishing
https://www.longisland.com/golf/,Golf Courses
https://events.longisland.com/,Event Calendar
https://www.longisland.com/kids-entertainment/,Kids Entertainment
https://www.longisland.com/museums/,Museums
https://nightlife.longisland.com/,Nightlife
https://www.longisland.com/parks/,Parks
https://www.longisland.com/restaurants/,Restaurants
https://www.longisland.com/sports.html,Sports
https://www.longisland.com/summer-camps/,Summer Camps
https://www.longisland.com/theaters/,Theaters
https://www.longisland.com/tours/,Tours
https://www.longisland.com/vineyard-tours/,Vineyard Tours
https://www.longisland.com/wineries/,Wineries
https://www.longisland.com/business/#,Events 
https://events.longisland.com/,Calendar Of Events
https://www.longisland.com/things-to-do/,Places To Go
https://events.longisland.com/free,Free Events
https://events.longisland.com/daterange/today/,Today
https://events.longisland.com/daterange/tomorrow/,Tomorrow
https://events.longisland.com/daterange/weekend/,This Weekend
https://events.longisland.com/daterange/week/,Next 7 Days
https://events.longisland.com/daterange/month/,Next 30 Days
https://events.longisland.com/addevent/,Add an Event
https://www.longisland.com/advertise/,Feature Your Event
https://longislandrestaurants.com/,Restaurants
https://longislandbusiness.com/,Business News
https://www.longisland.com/news/,Happenings
https://www.longisland.com/business/#,More 
https://www.longisland.com/lirr.html,LIRR Schedules
https://www.longisland.com/traffic-cameras/,Traffic Cameras
https://www.longisland.com/ferry-schedules.html,Ferry Schedules
https://www.youtube.com/user/longislandmedia/videos,
https://www.facebook.com/LongIslandCom,
http://instagram.com/longisland/,
https://twitter.com/longisland,
http://pinterest.com/longisland/,
https://www.longisland.com/business/,Guides 
https://www.longisland.com/licvb-li-travel-guide.html,Long Island Travel Guide (LICVB)
https://events.longisland.com/festivals-carnivals,Festivals & Fairs Guide
https://www.longisland.com/used-cars/,Used Cars
https://www.longisland.com/day-camps/,Camps
https://www.longisland.com/colleges/,Colleges
https://www.longisland.com/day-camps/,Day Camps
https://www.longisland.com/home-improvement/,Home Improvement
https://www.longisland.com/hotels_motels/,Hotels
https://www.longisland.com/kids-entertainment/,Kids Entertainment
https://nightlife.longisland.com/,Nightlife
https://www.longisland.com/private-schools/,Private Schools
https://www.longisland.com/prom-guide.html,Prom
https://www.longisland.com/restaurants/,Restaurants
https://www.longisland.com/summer-camps/,Summer Camps
https://www.longisland.com/things-to-do/,Things To Do
https://weddings.longisland.com/,Weddings
https://www.longisland.com/newsletter/,Newsletter
https://www.longisland.com/business/,Find A Business 
https://www.longisland.com/business/,Business Directory
https://nightlife.longisland.com/bars-lounges/,Bars & Clubs
https://www.longisland.com/used-cars/,Car Dealers
https://www.longisland.com/catering-halls/,Catering Halls
https://www.longisland.com/day-care/,Day Care
https://www.longisland.com/home-improvement/,Home Improvement
https://www.longisland.com/hotels_motels/,Hotels
https://www.longisland.com/insurance/,Insurance Agents
https://www.longisland.com/lawyers/,Lawyers
https://www.longisland.com/limos/,Limos
https://www.longisland.com/movers/,Movers
https://nightlife.longisland.com/,Nightlife
https://www.longisland.com/restaurants/,Restaurants
https://www.longisland.com/day-spas/,Spas
https://www.longisland.com/things-to-do/,Things To Do
https://weddings.longisland.com/,Wedding Services
https://www.longisland.com/business/,More...
https://www.longisland.com/advertise/,Feature Your Business
https://www.longisland.com/lawyers/,Lawyers
https://realestate.longisland.com/,Real Estate
https://www.longisland.com/home-improvement/,Home Improvement
https://www.longisland.com/weather/,Weather
https://www.longisland.com/advertise/,Advertise With Us
https://www.longisland.com/business/services-underserved.html,
            
                
            
            
https://www.longisland.com/business/theodore-roosevelt-sanctuary-and-audubon-center.html,
            
                
            
            
https://www.longisland.com/business/li-soaring-association.html,
            
                
            
            
https://www.longisland.com/business/flowerfield.html,
            
                
            
            
https://www.longisland.com/business/heller-clausen-tax-grievance.html,
            
                
            
            
https://www.longisland.com/business/farmingdale-chamber-of-commerce.html,
            
                
            
            
https://www.longisland.com/business/mv-charter-buses.html,
            
                
            
            
https://www.longisland.com/business/baldwin-auto-repair.html,
            
                
            
            
https://www.longisland.com/business/li-picture-frame-art-gallery.html,
            
                
            
            
https://www.longisland.com/business/chalet-inn-and-suites.html,
            
                
            
            
https://www.longisland.com/business/js-motors.html,
            
                
            
            
https://www.longisland.com/business/american-princess-cruises.html,
            
                
            
            
https://www.longisland.com/business/greater-smithtown-chamber-of-commerce.html,
            
                
            
            
https://www.longisland.com/business/care-for-sandy.html,
            
                
            
            
https://www.longisland.com/business/christopher-t-jordan-funeral.html,
            
                
            
            
https://www.longisland.com/business/syl-lee-antiques.html,
            
                
            
            
https://www.longisland.com/business/orient-beach-state-park.html,
            
                
            
            
https://www.longisland.com/business/btr-birthday-parties.html,
            
                
            
            
https://www.longisland.com/business/long-island-volunteer-center.html,
            
                
            
            
https://www.longisland.com/business/liaacc.html,
            
                
            
            
https://www.longisland.com/business/montauk-point-lighthouse.html,
            
                
            
            
https://www.longisland.com/business/nys-electrical-inspections.html,
            
                
            
            
https://www.longisland.com/business/cresli.html,
            
                
            
            
https://www.longisland.com/business/wusb-901-fm.html,
            
                
            
            
https://www.longisland.com/business/services-underserved.html,
            
                
            
            
https://www.longisland.com/business/theodore-roosevelt-sanctuary-and-audubon-center.html,
            
                
            
            
https://www.longisland.com/business/li-soaring-association.html,
            
                
            
            
https://www.longisland.com/business/flowerfield.html,
            
                
            
            
https://www.longisland.com/business/heller-clausen-tax-grievance.html,
            
                
            
            
https://www.longisland.com/business/farmingdale-chamber-of-commerce.html,
            
                
            
            
https://www.longisland.com/business/mv-charter-buses.html,
            
                
            
            
https://www.longisland.com/business/baldwin-auto-repair.html,
            
                
            
            
https://www.longisland.com/business/li-picture-frame-art-gallery.html,
            
                
            
            
https://www.longisland.com/business/chalet-inn-and-suites.html,
            
                
            
            
https://www.longisland.com/advertise,this is where you should be advertising
https://www.longisland.com/business/#categorized,Categorized
https://www.longisland.com/business/#alphabetic,Alphabetic
https://www.longisland.com/accommodations/,Accommodations
https://www.longisland.com/bed-breakfasts/,Bed and Breakfast
https://www.longisland.com/hotels_motels/,Hotels
https://www.longisland.com/house-vacation-rentals/,House & Vacation Rentals
https://www.longisland.com/inns/,Inns
https://www.longisland.com/motels/,Motels
https://www.longisland.com/resorts/,Resorts
https://www.longisland.com/automotive/,Automotive
https://www.longisland.com/auto-body/,Auto Body
https://www.longisland.com/auto-buyers/,Auto Buyers
https://www.longisland.com/auto-detailing/,Auto Detailing
https://www.longisland.com/auto-glass/,Auto Glass
https://www.longisland.com/auto-insurance/,Auto Insurance
https://www.longisland.com/auto-loans/,Auto Loans
https://www.longisland.com/parts-supplies/,Automotive Parts & Supplies
https://www.longisland.com/auto-repair/,Auto Repair
https://www.longisland.com/auto-transport-services/,Auto Transport Services
https://www.longisland.com/auto-wrecking-junkyards/,Auto Wrecking & Junkyards
https://www.longisland.com/car-consignment/,Car Consignment
https://www.longisland.com/car-dealers-new-cars/,Car Dealers (New Cars)
https://www.longisland.com/car-dealers-used-cars/,Car Dealers (Used Cars)
https://www.longisland.com/car-rentals/,Car Rentals
https://www.longisland.com/car-shipping-services/,Car Shipping Services
https://www.longisland.com/accessories/,Car & Truck Accessories
https://www.longisland.com/car-wash/,Car Wash
https://www.longisland.com/driving-schools/,Driving Schools
https://www.longisland.com/motorcycles/,Motorcycles
https://www.longisland.com/motorcycle-shipping-services/,Motorcycle Shipping Services
https://www.longisland.com/rvs-recreational-vehicles/,RVs & Recreational Vehicles
https://www.longisland.com/service-stations/,Service Stations
https://www.longisland.com/tires-wheels/,Tires & Wheels
https://www.longisland.com/towing/,Towing
https://www.longisland.com/truck-van-rental/,Truck & Van Rental
https://www.longisland.com/business/#,See All
https://www.longisland.com/beauty-spa/,Beauty & Spa
https://www.longisland.com/beauty-health-products/,Beauty & Health Products
https://www.longisland.com/beauty-salons/,Beauty Salons
https://www.longisland.com/botox-laser-treatments/,Botox / Laser Treatments
https://www.longisland.com/cosmetic-clinics/,Cosmetic Clinics
https://www.longisland.com/day-spas/,Day Spas
http://www.longisland.com/dermatology/,Dermatology
http://www.longisland.com/fitness-centers/,Gyms & Fitness Centers
https://www.longisland.com/laser-hair-removal/,Laser Hair Removal
https://www.longisland.com/manicures-pedicures/,Manicures / Pedicures
http://www.longisland.com/plastic-surgery/,Plastic Surgery
https://www.longisland.com/tanning-salons/,Tanning Salons
https://www.longisland.com/body-art-piercings/,Tattoo & Piercings
https://www.longisland.com/business/#,See All
https://www.longisland.com/boating/,Boating & Fishing
https://www.longisland.com/bait-tackle/,Bait & Tackle
https://www.longisland.com/boat-builders-manufacturers/,Boat Builders
https://www.longisland.com/boat-cleaning-detailing/,Boat Cleaning & Detailing
https://www.longisland.com/boat-dealers-new-used-boat-dealers/,Boat Dealers - New & Used
https://www.longisland.com/boat-financing/,Boat Financing
https://www.longisland.com/boat-transportation/,Boat Hauling & Transportation
https://www.longisland.com/boating-organizations-clubs/,Boating Clubs
https://www.longisland.com/boating-gear/,Boating Gear
https://www.longisland.com/boating-magazines-publications/,Boating Magazines
https://www.longisland.com/boating-schools-training/,Boating Schools & Training
https://www.longisland.com/boat-insurance/,Boat Insurance
https://www.longisland.com/boat-lettering-graphics/,Boat Lettering & Graphics
https://www.longisland.com/boat-maintenance-repairs/,Boat Maintenance & Repairs
https://www.longisland.com/boat-ramps/,Boat Ramps
https://www.longisland.com/boat-rentals/,Boat Rentals
https://www.longisland.com/boat-surveyors/,Boat Surveyors
https://www.longisland.com/boat-towing/,Boat Towing
https://www.longisland.com/boat-trailers/,Boat Trailers
https://www.longisland.com/boat-brokers/,Boat / Yacht Brokers
https://www.longisland.com/boat-yards/,Boat Yards
https://www.longisland.com/cruises/,Cruises & Yacht Charters
https://www.longisland.com/fishing/,Fishing Charters & Party Boats
https://www.longisland.com/fuel-docks/,Fuel Docks
https://www.longisland.com/jet-ski-rental/,Jet Ski Rental
https://www.longisland.com/kayak-canoe-rentals/,Kayak & Canoe Rentals
https://www.longisland.com/marinas/,Marinas
https://www.longisland.com/boating-electronics-equipment-dealers/,Marine Electronics & Equipment Dealers
https://www.longisland.com/other-boating-services/,Other Boating Services
https://www.longisland.com/sailing/,Sailing
https://www.longisland.com/seal-watching/,Seal Watching
https://www.longisland.com/shark-diving/,Shark Diving
http://www.longisland.com/water-sports/,Water Sports
https://www.longisland.com/business/#,See All
https://www.longisland.com/business-to-business/,Business to Business
https://www.longisland.com/business-networking-groups/,Business Networking Groups
https://www.longisland.com/coworking-spaces/,Coworking Spaces
https://www.longisland.com/custom-apparel/,Custom Apparel 
https://www.longisland.com/executive-suites/,Executive Suites
http://www.longisland.com/graphic-design/,Graphic Design
https://www.longisland.com/investments-financing/,Investments & Financing
https://www.longisland.com/live-streaming/,Live Streaming 
https://www.longisland.com/machinery/,Machinery
https://www.longisland.com/meeting-conference-rooms/,Meeting & Conference Rooms
https://www.longisland.com/merchant-services/,Merchant Services
https://www.longisland.com/office-furniture/,Office Furniture
https://www.longisland.com/offices-for-rent/,Offices For Rent
https://www.longisland.com/other-b2b-services/,Other B2B Services
https://www.longisland.com/restaurant-paper-rolls/,Restaurant Paper Rolls
https://www.longisland.com/telephone-services/,Telephone Services
https://www.longisland.com/vending-machines/,Vending Machines
https://www.longisland.com/business/#,See All
https://www.longisland.com/charities/,Charities
http://www.longisland.com/animal-organizations/,Animal Organizations
https://www.longisland.com/arts-organizations/,Arts & Culture Organizations
https://www.longisland.com/childrens-charities/,Children's Charities
https://www.longisland.com/crisis-outreach/,Crisis Outreach
https://www.longisland.com/for-the-disabled/,Disability Assistance
https://www.longisland.com/education-organizations/,Educational Organizations
https://www.longisland.com/environmental-organizations/,Environmental Organizations
https://www.longisland.com/fighting-cancer/,Fighting Cancer
https://www.longisland.com/fighting-poverty/,Fighting Poverty
https://www.longisland.com/food-pantries/,Food Pantries
https://www.longisland.com/wellness-organizations/,Health & Disease
https://www.longisland.com/philanthropic-organizations/,Philanthropic Organizations
https://www.longisland.com/veterans-organizations/,Remembrance & Veterans Groups 
https://www.longisland.com/shelters/,Shelters
https://www.longisland.com/business/#,See All
https://www.longisland.com/community-offices/,Community Offices
https://www.longisland.com/aging-in-place/,Aging in Place
https://www.longisland.com/animal-shelters/,Animal Shelters
https://www.longisland.com/business-organizations/,Business Organizations & Associations
https://www.longisland.com/cemeteries/,Cemeteries
https://www.longisland.com/chambers-of-commerce/,Chambers of Commerce
https://www.longisland.com/courts/,Courts
http://www.longisland.com/dmv-long-island-new-york.html,DMV Offices
https://www.longisland.com/fire-departments/,Fire Departments
https://www.longisland.com/funeral-homes/,Funeral Homes
https://www.longisland.com/government-agencies/,Government Agencies
http://www.longisland.com/hospitals/,Hospitals
https://www.longisland.com/police-departments/,Police Departments
https://www.longisland.com/post-offices/,Post Offices
https://www.longisland.com/retirement-homes/,Retirement Homes
http://www.longisland.com/temples.html,Temples
https://www.longisland.com/business/#,See All
https://www.longisland.com/computer-internet/,Computer / Internet
https://www.longisland.com/advertising-marketing/,Advertising & Marketing
https://www.longisland.com/computer-repairs/,Computer Repairs
https://www.longisland.com/copiers-printers-ink/,Copiers, Printers & Ink
https://www.longisland.com/cyber-security/,Cyber Security
https://www.longisland.com/data-voice-cabling/,Data & Voice Cabling
https://www.longisland.com/dedicated-servers/,Dedicated Servers
https://www.longisland.com/domain-names/,Domain Names
https://www.longisland.com/internet-services/,Internet Services
https://www.longisland.com/it-managed-services/,IT Managed Services
https://www.longisland.com/networking-solutions/,Networking Solutions
https://www.longisland.com/server-co-location/,Server Co-Location
https://www.longisland.com/web-design-development/,Web Design & Development
https://www.longisland.com/web-hosting/,Web Hosting
https://www.longisland.com/business/#,See All
https://www.longisland.com/education/,Education
https://www.longisland.com/colleges/,Colleges & Universities 
https://www.longisland.com/day-care/,Daycare
https://www.longisland.com/flight-schools/,Flight Schools
https://www.longisland.com/libraries/,Libraries
https://www.longisland.com/music-lessons/,Music Lessons
https://www.longisland.com/photography-classes/,Photography Classes
https://www.longisland.com/preschool/,PreSchools
https://www.longisland.com/private-schools/,Private Schools
http://www.longisland.com/school-districts/,Public Schools
https://www.longisland.com/religious-schools/,Religious Schools
http://www.longisland.com/long-island-school-closings.html,School Closings
http://www.longisland.com/school-districts/,School Districts
https://www.longisland.com/trade-schools/,Trade Schools
https://www.longisland.com/tutoring/,Tutoring
https://www.longisland.com/business/#,See All
https://www.longisland.com/entertainment/,Entertainment
https://www.longisland.com/clowns/,Clowns
https://www.longisland.com/dance-lessons/,Dance Lessons
https://www.longisland.com/darts/,Darts
https://www.longisland.com/dj-music-services/,DJ / Music Services
https://www.longisland.com/gaming-centers/,Gaming Centers
https://www.longisland.com/magazines/,Magazines
https://www.longisland.com/magicians/,Magicians
http://www.longisland.com/movies/,Movie Theaters
https://www.longisland.com/newspapers/,Newspapers
https://www.longisland.com/party-planning/,Party Planning
https://www.longisland.com/party-rentals/,Party Rentals
https://www.longisland.com/radio-stations/,Radio Stations
https://www.longisland.com/singles-online-dating/,Singles & Online Dating
https://www.longisland.com/business/#,See All
https://www.longisland.com/environment/,Environment 
http://www.longisland.com/lipa.html,Energy & Power
https://www.longisland.com/recycling/,Recycling Facilities
https://www.longisland.com/green-energy/,Solar / Green / Renewable
https://www.longisland.com/waste/,Waste & Sanitation
https://www.longisland.com/finance-legal/,Finance & Legal
https://www.longisland.com/accountants/,Accountants
https://www.longisland.com/bankruptcy/,Bankruptcy
https://www.longisland.com/banks/,Banks
https://www.longisland.com/business-attorney/,Business Attorney
https://www.longisland.com/collections/,Collections
https://www.longisland.com/construction-law/,Construction Law
https://www.longisland.com/credit-repair/,Credit Repair
https://www.longisland.com/criminal-law/,Criminal Law
https://www.longisland.com/debt/,Debt
https://www.longisland.com/divorce-lawyers/,Divorce Lawyers
https://www.longisland.com/divorce-mediation/,Divorce Mediation
https://www.longisland.com/elder-law/,Elder Law
https://www.longisland.com/employment-law/,Employment Law
https://www.longisland.com/environmental-law/,Environmental Law
https://www.longisland.com/family-attorneys/,Estate Planning
https://www.longisland.com/financial-planning/,Financial Planning
https://www.longisland.com/insurance/,Insurance
https://www.longisland.com/insurance-adjusters/,Insurance Adjusters
https://www.longisland.com/investment-services/,Investment Services
https://www.longisland.com/land-use-and-zoning-law/,Land Use and Zoning Law
https://www.longisland.com/lawyers/,Lawyers
https://www.longisland.com/medical-malpractice/,Medical Malpractice
http://www.longisland.com/mortgage-services/,Mortgages
https://www.longisland.com/paralegal/,Paralegal
https://www.longisland.com/personal-injury-law/,Personal Injury Lawyers
https://www.longisland.com/real-estate-law/,Real Estate Law
https://www.longisland.com/real-estate-tax-certiorari-law-condemnation/,Real Estate Tax Certiorari Law & Condemnation
https://www.longisland.com/tax-attorneys/,Tax Attorneys
https://www.longisland.com/taxes/,Taxes
https://www.longisland.com/telecommunications-law/,Telecommunications Law
https://www.longisland.com/traffic-tickets/,Traffic Tickets
https://www.longisland.com/business/#,See All
https://www.longisland.com/restaurants/,Food & Drinks
http://www.longisland.com/restaurants/bagels-restaurants,Bagel Shops
https://www.longisland.com/bakeries/,Bakeries
https://www.longisland.com/beer-distributors/,Beer Distributors
https://www.longisland.com/caterers/,Caterers
https://www.longisland.com/catering-halls/,Catering Halls
http://www.longisland.com/restaurants/listing/cuisine/coffee-shops,Coffee Shops
http://www.longisland.com/restaurants/listing/cuisine/delis,Delis
https://www.longisland.com/ice-cream-parlors/,Ice Cream Parlors
https://www.longisland.com/liquor-stores/,Liquor Stores
http://www.longisland.com/restaurants/listing/cuisine/pizza,Pizzerias
http://www.longisland.com/restaurants/,Restaurants
http://www.longisland.com/restaurants/listing/cuisine/143,Seafood Stores
https://www.longisland.com/sweets-shops/,Sweets Shops
https://www.longisland.com/tea-houses/,Tea Houses
https://www.longisland.com/yogurt-shops/,Yogurt Shops
https://www.longisland.com/business/#,See All
https://www.longisland.com/halloween/,Halloween Guide
https://www.longisland.com/mazes/,Corn Mazes
https://www.longisland.com/festivals/,Festivals
https://www.longisland.com/halloween-parties/,Halloween Parties
https://www.longisland.com/haunted-houses/,Haunted Houses
https://www.longisland.com/haunted-plays-theatres/,Haunted Plays & Theatres
https://www.longisland.com/hay-rides/,Hay Rides
https://www.longisland.com/other-halloween-events/,Other Halloween Events
https://www.longisland.com/pumpkin-picking/,Pumpkin Picking
https://www.longisland.com/spook-walks/,Spook Walks & Trails
https://www.longisland.com/business/#,See All
https://www.longisland.com/health-beauty/,Health & Wellness
https://www.longisland.com/acupuncture/,Acupuncture
https://www.longisland.com/audiology-hearing-doctors/,Audiology / Hearing Doctors
https://www.longisland.com/bath-body/,Bath & Body
https://www.longisland.com/cardiology/,Cardiology
https://www.longisland.com/chiropractors/,Chiropractors
https://www.longisland.com/colon-hydrotherapy/,Colon Hydrotherapy
https://www.longisland.com/cosmetics/,Cosmetics
https://www.longisland.com/cryotherapy/,Cryotherapy
https://www.longisland.com/dentists/,Dentists
https://www.longisland.com/dermatology/,Dermatology
https://www.longisland.com/diet-nutrition/,Diet & Nutrition
https://www.longisland.com/doctors/,Doctors
https://www.longisland.com/drug-alcohol-rehab/,Drug & Alcohol Rehab
https://www.longisland.com/essential-oils/,Essential Oils
https://www.longisland.com/eye-care/,Eye Care
https://www.longisland.com/fitness-equipment/,Fitness Equipment
https://www.longisland.com/fitness-centers/,Gyms & Fitness Centers
https://www.longisland.com/hair-care/,Hair Care
https://www.longisland.com/hair-restoration/,Hair Restoration
https://www.longisland.com/health-food-vitamin-stores/,Health Food & Vitamin Stores
https://www.longisland.com/health-insurance/,Health Insurance
https://www.longisland.com/hospitals/,Hospitals
https://www.longisland.com/in-home-health-care/,In-Home Health Care
https://www.longisland.com/laboratory-testing/,Laboratory & Testing
https://www.longisland.com/long-term-care/,Long Term Care
https://www.longisland.com/massage-therapy/,Massage Therapy
https://www.longisland.com/medical-equipment/,Medical Equipment
https://www.longisland.com/oncology/,Oncology
https://www.longisland.com/optometrist/,Optometrist
https://www.longisland.com/orthodontists/,Orthodontists
https://www.longisland.com/outpatient-facilities/,Outpatient Facilities
http://www.longisland.com/pediatricians/,Pediatricians
https://www.longisland.com/personal-training/,Personal Training
https://www.longisland.com/pharmacies/,Pharmacies
https://www.longisland.com/physical-therapy/,Physical Therapy
https://www.longisland.com/pilates/,Pilates
https://www.longisland.com/plastic-surgery/,Plastic Surgery
https://www.longisland.com/podiatrists/,Podiatrists
https://www.longisland.com/primary-care/,Primary Care
https://www.longisland.com/psychiatrists/,Psychiatrists
https://www.longisland.com/psychologists/,Psychologists
https://www.longisland.com/radiology/,Radiology
https://www.longisland.com/skin-care/,Skin Care
https://www.longisland.com/stairlifts/,Stairlifts
https://www.longisland.com/therapy-counseling/,Therapy & Counseling
https://www.longisland.com/urgent-care/,Urgent Care
https://www.longisland.com/yoga/,Yoga
https://www.longisland.com/business/#,See All
https://www.longisland.com/home-improvement/,Home Improvement
https://www.longisland.com/audiovisual-installations/,Audio/Visual Installations
https://www.longisland.com/awnings/,Awnings
https://www.longisland.com/basements/,Basements
https://www.longisland.com/brick-masonry/,Brick & Masonry
https://www.longisland.com/carpeting/,Carpeting
https://www.longisland.com/closets/,Closets
https://www.longisland.com/concrete-foundations/,Concrete Foundations
https://www.longisland.com/contractors/,Contractors
https://www.longisland.com/doors/,Doors
https://www.longisland.com/dormers/,Dormers
https://www.longisland.com/dumpster-rentals/,Dumpster Rentals
https://www.longisland.com/dumpsters/,Dumpsters
https://www.longisland.com/fences/,Fences
https://www.longisland.com/fireplaces-barbeques/,Fireplaces & Barbeques
https://www.longisland.com/fire-protection/,Fire Protection
https://www.longisland.com/flooring/,Flooring
https://www.longisland.com/general-contractors/,General Contractors
https://www.longisland.com/house-lifting-elevation/,House Lifting & Elevation
https://www.longisland.com/kitchen-bath/,Kitchen & Bath
https://www.longisland.com/landscaping/,Landscaping
https://www.longisland.com/locksmiths2/,Locksmiths
https://www.longisland.com/moving2/,Moving
https://www.longisland.com/new-construction/,New Construction
https://www.longisland.com/other-services/,Other Home Improvement Services
https://www.longisland.com/outdoor-lighting/,Outdoor Lighting
https://www.longisland.com/outdoor-power-equipment/,Outdoor Power Equipment
https://www.longisland.com/patios/,Patios & Decks
https://www.longisland.com/plumbing-supply/,Plumbing Supply
https://www.longisland.com/renovations/,Renovations & Remodeling
https://www.longisland.com/roofing/,Roofing
https://www.longisland.com/solar-renewable-energy/,Solar & Renewable Energy
https://www.longisland.com/storage2/,Storage
http://www.longisland.com/pools/,Swimming Pools
https://www.longisland.com/windows-siding/,Windows & Siding
https://www.longisland.com/business/#,See All
https://www.longisland.com/home-services/,Home Services
https://www.longisland.com/air-conditioning/,Air Conditioning
https://www.longisland.com/alarms-security/,Alarms
https://www.longisland.com/blacktop-driveway-seal-coating/,Blacktop & Driveway Seal Coating
https://www.longisland.com/boilers-burners/,Boilers & Burners
https://www.longisland.com/building-zoning-permits/,Building & Zoning Permits
https://www.longisland.com/carpet-rug-cleaners/,Carpet & Rug Cleaners
https://www.longisland.com/central-vacuum-systems/,Central Vacuum Systems
https://www.longisland.com/cesspools/,Cesspools
https://www.longisland.com/chimney-cleaning/,Chimney Cleaning
https://www.longisland.com/decorators/,Decorators
https://www.longisland.com/electricians/,Electricians
https://www.longisland.com/excavators/,Excavators
https://www.longisland.com/exterminators/,Exterminators
https://www.longisland.com/fish-ponds/,Fish Ponds
https://www.longisland.com/fuel-oil/,Fuel Oil
https://www.longisland.com/garage-doors/,Garage Doors
https://www.longisland.com/gardening/,Gardening
https://www.longisland.com/generators/,Generators
https://www.longisland.com/gutter-cleaning-repair/,Gutter Services
https://www.longisland.com/heating/,Heating
https://www.longisland.com/home-aquariums/,Home Aquariums
https://www.longisland.com/home-inspections/,Home Inspections
https://www.longisland.com/homeowner-services/,Homeowner Services
https://www.longisland.com/homeowners-insurance/,Homeowners Insurance
https://www.longisland.com/home-theater/,Home Theater
https://www.longisland.com/house-cleaning/,House Cleaning
https://www.longisland.com/interior-design/,Interior Design
https://www.longisland.com/junk-removal/,Junk Removal
https://www.longisland.com/landscape-architects/,Landscape Architects
https://www.longisland.com/lawn-maintenance/,Lawn Maintenance
https://www.longisland.com/mold-removal/,Mold Removal & Restoration
http://www.longisland.com/movers/,Movers
https://www.longisland.com/movers/,Moving
https://www.longisland.com/nurseries/,Nurseries
https://www.longisland.com/oil-companies/,Oil Companies
https://www.longisland.com/painters/,Painters
https://www.longisland.com/paving/,Paving
https://www.longisland.com/plumbers/,Plumbers
https://www.longisland.com/pools/,Pools
https://www.longisland.com/powerwashing/,Powerwashing
https://www.longisland.com/saunas-spas/,Saunas & Spas
https://www.longisland.com/snow-removal/,Snow Removal
https://www.longisland.com/sprinklers-irrigation/,Sprinklers & Irrigation
https://www.longisland.com/storage/,Storage
https://www.longisland.com/stump-grinding/,Stump Grinding
https://www.longisland.com/tax-reduction/,Tax Reduction Services
https://www.longisland.com/tile-dealers-tile-contractors/,Tile Dealers & Tile Contractors
https://www.longisland.com/tree-services/,Tree Services
https://www.longisland.com/water-fire-smoke-damage/,Water, Fire & Smoke Damage
https://www.longisland.com/waterproofing/,Waterproofing
https://www.longisland.com/wireman-cableman/,Wireman / Cableman
https://www.longisland.com/business/#,See All
https://www.longisland.com/kids-guide/,Kids Guide
https://www.longisland.com/acting-modeling/,Acting & Modeling
https://www.longisland.com/art-classes/,Art Classes
https://www.longisland.com/child-care/,Child Care
https://www.longisland.com/day-camps/,Day Camps
https://www.longisland.com/enrichment-activities/,Enrichment Activities
https://www.longisland.com/gymnastics/,Gymnastics
https://www.longisland.com/inflatables/,Inflatables
https://www.longisland.com/kids-after-school-programs/,Kids After School Programs
https://www.longisland.com/kids-cooking-classes/,Kids Cooking Classes
https://www.longisland.com/kids-entertainment/,Kids Parties & Entertainment
https://www.longisland.com/party-places/,Kids Party Venues
https://www.longisland.com/kids-special-needs-programs/,Kids Special Needs Programs
https://www.longisland.com/kids-sports/,Kids Sports
https://www.longisland.com/kids-therapists/,Kids Therapists
https://www.longisland.com/mommy-me/,Mommy & Me
https://www.longisland.com/nursery-schools/,Nursery Schools
https://www.longisland.com/open-play/,Open Play
https://www.longisland.com/pediatric-dentists/,Pediatric Dentists
https://www.longisland.com/pediatricians/,Pediatricians
http://www.longisland.com/planetariums.html,Planetariums
https://www.longisland.com/swimming-lessons/,Swimming Lessons
https://www.longisland.com/business/#,See All
https://www.longisland.com/nightspots/,Nightspots
http://nightlife.longisland.com/adult-entertainment/,Adult Entertainment
http://nightlife.longisland.com/bars-lounges/,Bars & Clubs
http://nightlife.longisland.com/night-clubs/,Night Clubs
https://www.longisland.com/pet-services/,Pet Services
https://www.longisland.com/animal-organizations/,Animal Organizations
https://www.longisland.com/boarding-kennels/,Boarding & Kennels
https://www.longisland.com/dog-walking/,Dog Walking
https://www.longisland.com/247-emergency-care/,Emergency 24/7 Pet Care
https://www.longisland.com/fencing-systems/,Fencing Systems
https://www.longisland.com/grooming/,Grooming
https://www.longisland.com/pet-insurance/,Pet Insurance
https://www.longisland.com/pet-photography/,Pet Photography
https://www.longisland.com/pet-sitting-day-care/,Pet Sitting & Day Care
https://www.longisland.com/pet-supplies/,Pet Supplies / Stores
http://www.longisland.com/animal-shelters/,Shelters & Adoption Centers
https://www.longisland.com/specialty-boutiques/,Specialty Boutiques
https://www.longisland.com/training/,Training
https://www.longisland.com/veterinarians/,Veterinarians
https://www.longisland.com/yard-clean-up/,Yard Clean Up
https://www.longisland.com/business/#,See All
https://www.longisland.com/professional-services/,Professional Services
https://www.longisland.com/advertising-agencies/,Advertising Agencies
https://www.longisland.com/architects/,Architects
https://www.longisland.com/art-restoration/,Art Restoration
https://www.longisland.com/communications/,Communications
https://www.longisland.com/consultants/,Consultants
https://www.longisland.com/cremation-services/,Cremation Services
https://www.longisland.com/customs-brokers/,Customs Brokers
https://www.longisland.com/document-management/,Document Management
https://www.longisland.com/document-storage/,Document Storage
https://www.longisland.com/dry-cleaners/,Dry Cleaners
https://www.longisland.com/employment/,Employment Agencies
https://www.longisland.com/graphic-design/,Graphic Design
https://www.longisland.com/investigations/,Investigations
https://www.longisland.com/laundromats/,Laundromats
https://www.longisland.com/lice-removal/,Lice Removal
https://www.longisland.com/locksmiths/,Locksmiths
https://www.longisland.com/marketing-sales/,Marketing & Sales
https://www.longisland.com/nannies/,Nannies
https://www.longisland.com/office-cleaning/,Office Cleaning
https://www.longisland.com/permits-licensing/,Permits & Licensing
https://www.longisland.com/personal-appraisers/,Personal Appraisers
https://www.longisland.com/personal-shopper/,Personal Shopper
https://www.longisland.com/pest-control/,Pest Control
https://www.longisland.com/photographers/,Photographers
https://www.longisland.com/picture-framing/,Picture Framing
https://www.longisland.com/printing/,Printing
https://www.longisland.com/professional-portraits/,Professional Portraits
https://www.longisland.com/public-relations/,Public Relations
https://www.longisland.com/recording-studios/,Recording Studios
https://www.longisland.com/security-services/,Security Services
https://www.longisland.com/signs/,Signs
https://www.longisland.com/trade-shows/,Trade Shows, Expositions & Conventions
https://www.longisland.com/travel-agencies/,Travel Agencies
https://www.longisland.com/tv-repair/,TV Repair
https://www.longisland.com/video-production/,Video Production
https://www.longisland.com/virtual-assistants/,Virtual Assistants
https://www.longisland.com/virtual-tours/,Virtual Tours
https://www.longisland.com/wedding-planners/,Wedding Planners
https://www.longisland.com/business/#,See All
https://www.longisland.com/real-estate/,Real Estate Services
https://www.longisland.com/apartment-buildings/,Apartment Buildings
https://www.longisland.com/appraisers/,Appraisers
https://www.longisland.com/brokers-agents/,Brokers & Agents
https://www.longisland.com/builders-contractors/,Builders & Contractors
https://www.longisland.com/commercial-real-estate/,Commercial Real Estate
https://www.longisland.com/condos-townhouses/,Condos & Townhouses
https://www.longisland.com/energy-efficiency/,Energy Efficiency
https://www.longisland.com/home-staging/,Home Staging
https://www.longisland.com/house-flipping/,House Flipping
https://www.longisland.com/inspectors-surveyors/,Inspectors & Surveyors
https://www.longisland.com/mls/,MLS
https://www.longisland.com/mortgage-services/,Mortgage Services
https://www.longisland.com/property-management/,Property Management
https://www.longisland.com/real-estate-attorney/,Real Estate Attorney
https://www.longisland.com/real-estate-consultants/,Real Estate Consultants
https://www.longisland.com/real-estate-photography/,Real Estate Photography
https://www.longisland.com/rentals/,Rentals
https://www.longisland.com/reverse-mortgages/,Reverse Mortgages
http://realestate.longisland.com/,Search Real Estate
https://www.longisland.com/title-companies/,Title Companies
https://www.longisland.com/business/#,See All
https://www.longisland.com/shopping/,Shopping
https://www.longisland.com/adult-stores/,Adult Stores
https://www.longisland.com/antique-shops/,Antique Shops
https://www.longisland.com/art-photography/,Art / Photography
https://www.longisland.com/arts-crafts/,Arts & Crafts
https://www.longisland.com/auctions/,Auctions
https://www.longisland.com/baby-toddler/,Baby & Toddler
https://www.longisland.com/bath-beauty/,Bath & Beauty
https://www.longisland.com/bed-stores/,Bed Stores
https://www.longisland.com/book-stores/,Book Stores
https://www.longisland.com/boutiques/,Boutiques
https://www.longisland.com/camera-stores/,Camera Stores
https://www.longisland.com/clothing-stores/,Clothing Stores
https://www.longisland.com/computers/,Computers
https://www.longisland.com/consumer-electronics/,Consumer Electronics
https://www.longisland.com/convenience-stores/,Convenience Stores
https://www.longisland.com/craft-stores/,Craft Stores
https://www.longisland.com/department-stores/,Department Stores
https://www.longisland.com/fine-jewelry/,Fine Jewelry
https://www.longisland.com/florists/,Florists
https://www.longisland.com/furniture/,Furniture
https://www.longisland.com/furs-leathers/,Furs & Leathers
https://www.longisland.com/gift-baskets/,Gift Baskets
https://www.longisland.com/gift-shops/,Gift Shops
https://www.longisland.com/gold-buyers/,Gold, Silver & Coin Buyers
https://www.longisland.com/grocery-meats/,Grocery / Meats
https://www.longisland.com/jewelry-watches/,Jewelry & Watches
https://www.longisland.com/lingerie/,Lingerie
https://www.longisland.com/malls/,Malls
https://www.longisland.com/maternity/,Maternity
https://www.longisland.com/mattress-companies/,Mattress Companies
https://www.longisland.com/musical-instruments/,Musical Instruments
https://www.longisland.com/music-record-stores/,Music & Record Stores
https://www.longisland.com/office-supplies/,Office Supplies
https://www.longisland.com/pawn-shops/,Pawn Shops
https://www.longisland.com/personal-shopper2/,Personal Shopper
http://www.longisland.com/pet-supplies/,Pet Stores
https://www.longisland.com/retail-stores/,Retail Stores
https://www.longisland.com/shoe-stores/,Shoe Stores
https://www.longisland.com/skiing-snowboarding/,Skiing & Snowboarding
https://www.longisland.com/sporting-goods/,Sporting Goods
https://www.longisland.com/toy-stores/,Toy Stores
https://www.longisland.com/catalog-parties/,Tupperware & Catalog Parties 
https://www.longisland.com/tuxedos-formal-wear/,Tuxedos & Formal Wear
https://www.longisland.com/vape-shops/,Vape Shops
https://www.longisland.com/video-game-stores/,Video Game Stores
https://www.longisland.com/wedding-supplies/,Wedding Supplies
https://www.longisland.com/wholesalers/,Wholesalers
https://www.longisland.com/wine-liquor/,Wine & Liquor
https://www.longisland.com/business/#,See All
https://www.longisland.com/thingstodo/,Things To Do
https://www.longisland.com/amusement-parks/,Amusement Parks
https://www.longisland.com/apple-picking/,Apple Picking
https://www.longisland.com/aquariums/,Aquariums
https://www.longisland.com/art-galleries/,Art Galleries
https://www.longisland.com/associations-clubs/,Associations & Clubs
https://www.longisland.com/sports-training/,Athletic & Sports Training
https://www.longisland.com/basketball-courts/,Basketball Courts
https://www.longisland.com/batting-cages/,Batting Cages
https://www.longisland.com/beaches/,Beaches
https://www.longisland.com/bike-rentals/,Bike Rentals
https://www.longisland.com/billiards/,Billiards
https://www.longisland.com/bingo-halls/,Bingo Halls
https://www.longisland.com/bowling/,Bowling
https://www.longisland.com/breweries/,Breweries
https://www.longisland.com/brewery-tours/,Brewery Tours
https://www.longisland.com/bubble-soccer/,Bubble Soccer
https://www.longisland.com/camping/,Camping
https://www.longisland.com/candle-making/,Candle Making
https://www.longisland.com/casinos/,Casinos & Racetracks
https://www.longisland.com/comedy-clubs/,Comedy Clubs
https://www.longisland.com/country-clubs/,Country Clubs
https://www.longisland.com/diy-wood-parties/,DIY Wood Parties
https://www.longisland.com/escape-games/,Escape Games
https://www.longisland.com/family-fun/,Family Fun
https://www.longisland.com/farms/,Farms
https://www.longisland.com/fish-hatcheries/,Fish Hatcheries
https://www.longisland.com/flag-football/,Flag Football
https://www.longisland.com/flyboarding/,Flyboarding
https://www.longisland.com/go-karting/,Go Karting
https://www.longisland.com/golf/,Golf
https://www.longisland.com/horseback-riding/,Horseback Riding
https://www.longisland.com/laser-tag/,Laser Tag
https://www.longisland.com/lighthouses/,Lighthouses
https://www.longisland.com/long-island-tourism/,Long Island Tourism
https://www.longisland.com/martial-arts/,Martial Arts
https://www.longisland.com/mini-golf/,Mini Golf
http://www.longisland.com/martial-arts/,MMA Schools
https://www.longisland.com/museums/,Museums
https://www.longisland.com/obstacle-courses/,Obstacle Courses
https://www.longisland.com/outdoor-adventure/,Outdoor Adventure
https://www.longisland.com/paddleboarding/,Paddleboarding Rentals
https://www.longisland.com/paintball/,Paintball & Airsoft
https://www.longisland.com/paint-nite/,Paint Night / Plant Night
https://www.longisland.com/parks/,Parks
https://www.longisland.com/pilates2/,Pilates
https://www.longisland.com/psychics/,Psychic Readings
https://www.longisland.com/public-pools/,Public Pools
http://www.longisland.com/pumpkin-picking/,Pumpkin Picking
https://www.longisland.com/recreation-centres/,Recreation Centers
https://www.longisland.com/rinks/,Rinks
https://www.longisland.com/rock-climbing/,Rock Climbing
https://www.longisland.com/salt-cave/,Salt Cave
https://www.longisland.com/scuba-diving/,Scuba Diving
https://www.longisland.com/shooting-ranges/,Shooting Ranges
https://www.longisland.com/sky-diving/,Sky Diving
https://www.longisland.com/soccer/,Soccer
https://www.longisland.com/spectator-sports/,Spectator Sports
https://www.longisland.com/sports-activities/,Sports Activities
https://www.longisland.com/strawberry-picking/,Strawberry Picking
https://www.longisland.com/summer-camps/,Summer Camps
https://www.longisland.com/surfing/,Surfing
https://www.longisland.com/tennis-courts/,Tennis Courts
https://www.longisland.com/theaters/,Theaters & Performing Arts
https://www.longisland.com/tourism/,Tourism
https://www.longisland.com/tours/,Tours
https://www.longisland.com/trails/,Trails
https://www.longisland.com/vineyard-tours/,Vineyard Tours
https://www.longisland.com/water-sports/,Water Sports
https://www.longisland.com/whale-watching/,Whale Watching
https://www.longisland.com/wineries/,Wineries & Vineyards
https://www.longisland.com/zip-lining/,Zip Lining
https://www.longisland.com/zoos/,Zoos & Animal Sanctuaries
https://www.longisland.com/business/#,See All
https://www.longisland.com/transportation/,Transportation
https://www.longisland.com/airports/,Airports
https://www.longisland.com/airport-transportation/,Airport Transportation
http://www.longisland.com/boat-transportation/,Boat Hauling
https://www.longisland.com/bus-rentals/,Bus Rentals
http://www.longisland.com/bus-schedules.html,Bus Schedules
https://www.longisland.com/bus-stations/,Bus Stations
https://www.longisland.com/car-service/,Car Service
https://www.longisland.com/designated-drivers/,Designated Drivers
https://www.longisland.com/ferries/,Ferry Companies
http://www.longisland.com/gas-prices/,Gas Prices
https://www.longisland.com/gas-stations/,Gas Stations
https://www.longisland.com/limos/,Limousines
http://www.longisland.com/lirr.html,Railroad
https://www.longisland.com/taxis/,Taxis
http://www.longisland.com/traffic/,Traffic
http://www.longisland.com/traffic-cameras/,Traffic Cameras
https://www.longisland.com/water-taxi/,Water Taxi
https://www.longisland.com/business/#,See All
https://www.longisland.com/weddingsredirect/,Weddings
https://www.longisland.com/fine-jewelry2/,Fine Jewelry
http://weddings.longisland.com/disc-jockeys/,Wedding DJs
http://weddings.longisland.com/gowns-dresses/,Wedding Dresses
http://weddings.longisland.com/florists/,Wedding Flowers
http://weddings.longisland.com/limousines/,Wedding Limousines
http://weddings.longisland.com/photographers/,Wedding Photographers
http://weddings.longisland.com/videographers/,Wedding Videographer
https://www.longisland.com/business/#A,A
https://www.longisland.com/business/#B,B
https://www.longisland.com/business/#C,C
https://www.longisland.com/business/#D,D
https://www.longisland.com/business/#E,E
https://www.longisland.com/business/#F,F
https://www.longisland.com/business/#G,G
https://www.longisland.com/business/#H,H
https://www.longisland.com/business/#I,I
https://www.longisland.com/business/#J,J
https://www.longisland.com/business/#K,K
https://www.longisland.com/business/#L,L
https://www.longisland.com/business/#M,M
https://www.longisland.com/business/#N,N
https://www.longisland.com/business/#O,O
https://www.longisland.com/business/#P,P
https://www.longisland.com/business/#R,R
https://www.longisland.com/business/#S,S
https://www.longisland.com/business/#T,T
https://www.longisland.com/business/#V,V
https://www.longisland.com/business/#W,W
https://www.longisland.com/business/#Y,Y
https://www.longisland.com/business/#Z,Z
https://www.longisland.com/accommodations/,Accommodations
https://www.longisland.com/accountants/,Accountants
https://www.longisland.com/acting-modeling/,Acting & Modeling
https://www.longisland.com/acupuncture/,Acupuncture
http://nightlife.longisland.com/adult-entertainment/,Adult Entertainment
https://www.longisland.com/adult-stores/,Adult Stores
https://www.longisland.com/advertising-agencies/,Advertising Agencies
https://www.longisland.com/advertising-marketing/,Advertising & Marketing
https://www.longisland.com/aging-in-place/,Aging in Place
https://www.longisland.com/air-conditioning/,Air Conditioning
https://www.longisland.com/airports/,Airports
https://www.longisland.com/airport-transportation/,Airport Transportation
https://www.longisland.com/alarms-security/,Alarms
https://www.longisland.com/amusement-parks/,Amusement Parks
http://www.longisland.com/animal-organizations/,Animal Organizations
https://www.longisland.com/animal-shelters/,Animal Shelters
https://www.longisland.com/antique-shops/,Antique Shops
https://www.longisland.com/apartment-buildings/,Apartment Buildings
https://www.longisland.com/apple-picking/,Apple Picking
https://www.longisland.com/appraisers/,Appraisers
https://www.longisland.com/aquariums/,Aquariums
https://www.longisland.com/architects/,Architects
https://www.longisland.com/art-classes/,Art Classes
https://www.longisland.com/art-galleries/,Art Galleries
https://www.longisland.com/art-photography/,Art / Photography
https://www.longisland.com/art-restoration/,Art Restoration
https://www.longisland.com/arts-crafts/,Arts & Crafts
https://www.longisland.com/arts-organizations/,Arts & Culture Organizations
https://www.longisland.com/associations-clubs/,Associations & Clubs
https://www.longisland.com/sports-training/,Athletic & Sports Training
https://www.longisland.com/auctions/,Auctions
https://www.longisland.com/audiology-hearing-doctors/,Audiology / Hearing Doctors
https://www.longisland.com/audiovisual-installations/,Audio/Visual Installations
https://www.longisland.com/auto-body/,Auto Body
https://www.longisland.com/auto-buyers/,Auto Buyers
https://www.longisland.com/auto-detailing/,Auto Detailing
https://www.longisland.com/auto-glass/,Auto Glass
https://www.longisland.com/auto-insurance/,Auto Insurance
https://www.longisland.com/auto-loans/,Auto Loans
https://www.longisland.com/automotive/,Automotive
https://www.longisland.com/parts-supplies/,Automotive Parts & Supplies
https://www.longisland.com/auto-repair/,Auto Repair
https://www.longisland.com/auto-transport-services/,Auto Transport Services
https://www.longisland.com/auto-wrecking-junkyards/,Auto Wrecking & Junkyards
https://www.longisland.com/awnings/,Awnings
https://www.longisland.com/baby-toddler/,Baby & Toddler
http://www.longisland.com/restaurants/bagels-restaurants,Bagel Shops
https://www.longisland.com/bait-tackle/,Bait & Tackle
https://www.longisland.com/bakeries/,Bakeries
https://www.longisland.com/bankruptcy/,Bankruptcy
https://www.longisland.com/banks/,Banks
http://nightlife.longisland.com/bars-lounges/,Bars & Clubs
https://www.longisland.com/basements/,Basements
https://www.longisland.com/basketball-courts/,Basketball Courts
https://www.longisland.com/bath-beauty/,Bath & Beauty
https://www.longisland.com/bath-body/,Bath & Body
https://www.longisland.com/batting-cages/,Batting Cages
https://www.longisland.com/beaches/,Beaches
https://www.longisland.com/beauty-health-products/,Beauty & Health Products
https://www.longisland.com/beauty-salons/,Beauty Salons
https://www.longisland.com/beauty-spa/,Beauty & Spa
https://www.longisland.com/bed-breakfasts/,Bed and Breakfast
https://www.longisland.com/bed-stores/,Bed Stores
https://www.longisland.com/beer-distributors/,Beer Distributors
https://www.longisland.com/bike-rentals/,Bike Rentals
https://www.longisland.com/billiards/,Billiards
https://www.longisland.com/bingo-halls/,Bingo Halls
https://www.longisland.com/blacktop-driveway-seal-coating/,Blacktop & Driveway Seal Coating
https://www.longisland.com/boarding-kennels/,Boarding & Kennels
https://www.longisland.com/boat-builders-manufacturers/,Boat Builders
https://www.longisland.com/boat-cleaning-detailing/,Boat Cleaning & Detailing
https://www.longisland.com/boat-dealers-new-used-boat-dealers/,Boat Dealers - New & Used
https://www.longisland.com/boat-financing/,Boat Financing
http://www.longisland.com/boat-transportation/,Boat Hauling
https://www.longisland.com/boat-transportation/,Boat Hauling & Transportation
https://www.longisland.com/boating-organizations-clubs/,Boating Clubs
https://www.longisland.com/boating/,Boating & Fishing
https://www.longisland.com/boating-gear/,Boating Gear
https://www.longisland.com/boating-magazines-publications/,Boating Magazines
https://www.longisland.com/boating-schools-training/,Boating Schools & Training
https://www.longisland.com/boat-insurance/,Boat Insurance
https://www.longisland.com/boat-lettering-graphics/,Boat Lettering & Graphics
https://www.longisland.com/boat-maintenance-repairs/,Boat Maintenance & Repairs
https://www.longisland.com/boat-ramps/,Boat Ramps
https://www.longisland.com/boat-rentals/,Boat Rentals
https://www.longisland.com/boat-surveyors/,Boat Surveyors
https://www.longisland.com/boat-towing/,Boat Towing
https://www.longisland.com/boat-trailers/,Boat Trailers
https://www.longisland.com/boat-brokers/,Boat / Yacht Brokers
https://www.longisland.com/boat-yards/,Boat Yards
https://www.longisland.com/boilers-burners/,Boilers & Burners
https://www.longisland.com/book-stores/,Book Stores
https://www.longisland.com/botox-laser-treatments/,Botox / Laser Treatments
https://www.longisland.com/boutiques/,Boutiques
https://www.longisland.com/bowling/,Bowling
https://www.longisland.com/breweries/,Breweries
https://www.longisland.com/brewery-tours/,Brewery Tours
https://www.longisland.com/brick-masonry/,Brick & Masonry
https://www.longisland.com/brokers-agents/,Brokers & Agents
https://www.longisland.com/bubble-soccer/,Bubble Soccer
https://www.longisland.com/builders-contractors/,Builders & Contractors
https://www.longisland.com/building-zoning-permits/,Building & Zoning Permits
https://www.longisland.com/business-attorney/,Business Attorney
https://www.longisland.com/business-networking-groups/,Business Networking Groups
https://www.longisland.com/business-organizations/,Business Organizations & Associations
https://www.longisland.com/business-to-business/,Business to Business
https://www.longisland.com/bus-rentals/,Bus Rentals
http://www.longisland.com/bus-schedules.html,Bus Schedules
https://www.longisland.com/bus-stations/,Bus Stations
https://www.longisland.com/camera-stores/,Camera Stores
https://www.longisland.com/camping/,Camping
https://www.longisland.com/candle-making/,Candle Making
https://www.longisland.com/car-consignment/,Car Consignment
https://www.longisland.com/car-dealers-new-cars/,Car Dealers (New Cars)
https://www.longisland.com/car-dealers-used-cars/,Car Dealers (Used Cars)
https://www.longisland.com/cardiology/,Cardiology
https://www.longisland.com/carpeting/,Carpeting
https://www.longisland.com/carpet-rug-cleaners/,Carpet & Rug Cleaners
https://www.longisland.com/car-rentals/,Car Rentals
https://www.longisland.com/car-service/,Car Service
https://www.longisland.com/car-shipping-services/,Car Shipping Services
https://www.longisland.com/accessories/,Car & Truck Accessories
https://www.longisland.com/car-wash/,Car Wash
https://www.longisland.com/casinos/,Casinos & Racetracks
https://www.longisland.com/caterers/,Caterers
https://www.longisland.com/catering-halls/,Catering Halls
https://www.longisland.com/cemeteries/,Cemeteries
https://www.longisland.com/central-vacuum-systems/,Central Vacuum Systems
https://www.longisland.com/cesspools/,Cesspools
https://www.longisland.com/chambers-of-commerce/,Chambers of Commerce
https://www.longisland.com/charities/,Charities
https://www.longisland.com/child-care/,Child Care
https://www.longisland.com/childrens-charities/,Children's Charities
https://www.longisland.com/chimney-cleaning/,Chimney Cleaning
https://www.longisland.com/chiropractors/,Chiropractors
https://www.longisland.com/closets/,Closets
https://www.longisland.com/clothing-stores/,Clothing Stores
https://www.longisland.com/clowns/,Clowns
http://www.longisland.com/restaurants/listing/cuisine/coffee-shops,Coffee Shops
https://www.longisland.com/collections/,Collections
https://www.longisland.com/colleges/,Colleges & Universities 
https://www.longisland.com/colon-hydrotherapy/,Colon Hydrotherapy
https://www.longisland.com/comedy-clubs/,Comedy Clubs
https://www.longisland.com/commercial-real-estate/,Commercial Real Estate
https://www.longisland.com/communications/,Communications
https://www.longisland.com/community-offices/,Community Offices
https://www.longisland.com/computer-internet/,Computer / Internet
https://www.longisland.com/computer-repairs/,Computer Repairs
https://www.longisland.com/computers/,Computers
https://www.longisland.com/concrete-foundations/,Concrete Foundations
https://www.longisland.com/condos-townhouses/,Condos & Townhouses
https://www.longisland.com/construction-law/,Construction Law
https://www.longisland.com/consultants/,Consultants
https://www.longisland.com/consumer-electronics/,Consumer Electronics
https://www.longisland.com/contractors/,Contractors
https://www.longisland.com/convenience-stores/,Convenience Stores
https://www.longisland.com/copiers-printers-ink/,Copiers, Printers & Ink
https://www.longisland.com/mazes/,Corn Mazes
https://www.longisland.com/cosmetic-clinics/,Cosmetic Clinics
https://www.longisland.com/cosmetics/,Cosmetics
https://www.longisland.com/country-clubs/,Country Clubs
https://www.longisland.com/courts/,Courts
https://www.longisland.com/coworking-spaces/,Coworking Spaces
https://www.longisland.com/craft-stores/,Craft Stores
https://www.longisland.com/credit-repair/,Credit Repair
https://www.longisland.com/cremation-services/,Cremation Services
https://www.longisland.com/criminal-law/,Criminal Law
https://www.longisland.com/crisis-outreach/,Crisis Outreach
https://www.longisland.com/cruises/,Cruises & Yacht Charters
https://www.longisland.com/cryotherapy/,Cryotherapy
https://www.longisland.com/custom-apparel/,Custom Apparel 
https://www.longisland.com/customs-brokers/,Customs Brokers
https://www.longisland.com/cyber-security/,Cyber Security
https://www.longisland.com/dance-lessons/,Dance Lessons
https://www.longisland.com/darts/,Darts
https://www.longisland.com/data-voice-cabling/,Data & Voice Cabling
https://www.longisland.com/day-camps/,Day Camps
https://www.longisland.com/day-care/,Daycare
https://www.longisland.com/day-spas/,Day Spas
https://www.longisland.com/debt/,Debt
https://www.longisland.com/decorators/,Decorators
https://www.longisland.com/dedicated-servers/,Dedicated Servers
http://www.longisland.com/restaurants/listing/cuisine/delis,Delis
https://www.longisland.com/dentists/,Dentists
https://www.longisland.com/department-stores/,Department Stores
https://www.longisland.com/dermatology/,Dermatology
https://www.longisland.com/designated-drivers/,Designated Drivers
https://www.longisland.com/diet-nutrition/,Diet & Nutrition
https://www.longisland.com/for-the-disabled/,Disability Assistance
https://www.longisland.com/divorce-lawyers/,Divorce Lawyers
https://www.longisland.com/divorce-mediation/,Divorce Mediation
https://www.longisland.com/diy-wood-parties/,DIY Wood Parties
https://www.longisland.com/dj-music-services/,DJ / Music Services
http://www.longisland.com/dmv-long-island-new-york.html,DMV Offices
https://www.longisland.com/doctors/,Doctors
https://www.longisland.com/document-management/,Document Management
https://www.longisland.com/document-storage/,Document Storage
https://www.longisland.com/dog-walking/,Dog Walking
https://www.longisland.com/domain-names/,Domain Names
https://www.longisland.com/doors/,Doors
https://www.longisland.com/dormers/,Dormers
https://www.longisland.com/driving-schools/,Driving Schools
https://www.longisland.com/drug-alcohol-rehab/,Drug & Alcohol Rehab
https://www.longisland.com/dry-cleaners/,Dry Cleaners
https://www.longisland.com/dumpster-rentals/,Dumpster Rentals
https://www.longisland.com/dumpsters/,Dumpsters
https://www.longisland.com/education/,Education
https://www.longisland.com/education-organizations/,Educational Organizations
https://www.longisland.com/elder-law/,Elder Law
https://www.longisland.com/electricians/,Electricians
https://www.longisland.com/247-emergency-care/,Emergency 24/7 Pet Care
https://www.longisland.com/employment/,Employment Agencies
https://www.longisland.com/employment-law/,Employment Law
https://www.longisland.com/energy-efficiency/,Energy Efficiency
http://www.longisland.com/lipa.html,Energy & Power
https://www.longisland.com/enrichment-activities/,Enrichment Activities
https://www.longisland.com/entertainment/,Entertainment
https://www.longisland.com/environment/,Environment 
https://www.longisland.com/environmental-law/,Environmental Law
https://www.longisland.com/environmental-organizations/,Environmental Organizations
https://www.longisland.com/escape-games/,Escape Games
https://www.longisland.com/essential-oils/,Essential Oils
https://www.longisland.com/family-attorneys/,Estate Planning
https://www.longisland.com/excavators/,Excavators
https://www.longisland.com/executive-suites/,Executive Suites
https://www.longisland.com/exterminators/,Exterminators
https://www.longisland.com/eye-care/,Eye Care
https://www.longisland.com/family-fun/,Family Fun
https://www.longisland.com/farms/,Farms
https://www.longisland.com/fences/,Fences
https://www.longisland.com/fencing-systems/,Fencing Systems
https://www.longisland.com/ferries/,Ferry Companies
https://www.longisland.com/festivals/,Festivals
https://www.longisland.com/fighting-cancer/,Fighting Cancer
https://www.longisland.com/fighting-poverty/,Fighting Poverty
https://www.longisland.com/finance-legal/,Finance & Legal
https://www.longisland.com/financial-planning/,Financial Planning
https://www.longisland.com/fine-jewelry/,Fine Jewelry
https://www.longisland.com/fire-departments/,Fire Departments
https://www.longisland.com/fireplaces-barbeques/,Fireplaces & Barbeques
https://www.longisland.com/fire-protection/,Fire Protection
https://www.longisland.com/fish-hatcheries/,Fish Hatcheries
https://www.longisland.com/fishing/,Fishing Charters & Party Boats
https://www.longisland.com/fish-ponds/,Fish Ponds
https://www.longisland.com/fitness-equipment/,Fitness Equipment
https://www.longisland.com/flag-football/,Flag Football
https://www.longisland.com/flight-schools/,Flight Schools
https://www.longisland.com/flooring/,Flooring
https://www.longisland.com/florists/,Florists
https://www.longisland.com/flyboarding/,Flyboarding
https://www.longisland.com/food-drinks/,Food & Drinks
https://www.longisland.com/food-pantries/,Food Pantries
https://www.longisland.com/fuel-docks/,Fuel Docks
https://www.longisland.com/fuel-oil/,Fuel Oil
https://www.longisland.com/funeral-homes/,Funeral Homes
https://www.longisland.com/furniture/,Furniture
https://www.longisland.com/furs-leathers/,Furs & Leathers
https://www.longisland.com/gaming-centers/,Gaming Centers
https://www.longisland.com/garage-doors/,Garage Doors
https://www.longisland.com/gardening/,Gardening
http://www.longisland.com/gas-prices/,Gas Prices
https://www.longisland.com/gas-stations/,Gas Stations
https://www.longisland.com/general-contractors/,General Contractors
https://www.longisland.com/generators/,Generators
https://www.longisland.com/gift-baskets/,Gift Baskets
https://www.longisland.com/gift-shops/,Gift Shops
https://www.longisland.com/go-karting/,Go Karting
https://www.longisland.com/gold-buyers/,Gold, Silver & Coin Buyers
https://www.longisland.com/golf/,Golf
https://www.longisland.com/government-agencies/,Government Agencies
https://www.longisland.com/graphic-design/,Graphic Design
https://www.longisland.com/grocery-meats/,Grocery / Meats
https://www.longisland.com/grooming/,Grooming
https://www.longisland.com/gutter-cleaning-repair/,Gutter Services
https://www.longisland.com/gymnastics/,Gymnastics
https://www.longisland.com/fitness-centers/,Gyms & Fitness Centers
https://www.longisland.com/hair-care/,Hair Care
https://www.longisland.com/hair-restoration/,Hair Restoration
https://www.longisland.com/halloween/,Halloween Guide
https://www.longisland.com/halloween-parties/,Halloween Parties
https://www.longisland.com/haunted-houses/,Haunted Houses
https://www.longisland.com/haunted-plays-theatres/,Haunted Plays & Theatres
https://www.longisland.com/hay-rides/,Hay Rides
https://www.longisland.com/wellness-organizations/,Health & Disease
https://www.longisland.com/health-food-vitamin-stores/,Health Food & Vitamin Stores
https://www.longisland.com/health-insurance/,Health Insurance
https://www.longisland.com/health-beauty/,Health & Wellness
https://www.longisland.com/heating/,Heating
https://www.longisland.com/home-aquariums/,Home Aquariums
https://www.longisland.com/home-improvement/,Home Improvement
https://www.longisland.com/home-inspections/,Home Inspections
https://www.longisland.com/homeowner-services/,Homeowner Services
https://www.longisland.com/homeowners-insurance/,Homeowners Insurance
https://www.longisland.com/home-services/,Home Services
https://www.longisland.com/home-staging/,Home Staging
https://www.longisland.com/home-theater/,Home Theater
https://www.longisland.com/horseback-riding/,Horseback Riding
https://www.longisland.com/hospitals/,Hospitals
https://www.longisland.com/hotels_motels/,Hotels
https://www.longisland.com/house-cleaning/,House Cleaning
https://www.longisland.com/house-flipping/,House Flipping
https://www.longisland.com/house-lifting-elevation/,House Lifting & Elevation
https://www.longisland.com/house-vacation-rentals/,House & Vacation Rentals
https://www.longisland.com/ice-cream-parlors/,Ice Cream Parlors
https://www.longisland.com/inflatables/,Inflatables
https://www.longisland.com/in-home-health-care/,In-Home Health Care
https://www.longisland.com/inns/,Inns
https://www.longisland.com/inspectors-surveyors/,Inspectors & Surveyors
https://www.longisland.com/insurance/,Insurance
https://www.longisland.com/insurance-adjusters/,Insurance Adjusters
https://www.longisland.com/interior-design/,Interior Design
https://www.longisland.com/internet-services/,Internet Services
https://www.longisland.com/investigations/,Investigations
https://www.longisland.com/investment-services/,Investment Services
https://www.longisland.com/investments-financing/,Investments & Financing
https://www.longisland.com/it-managed-services/,IT Managed Services
https://www.longisland.com/jet-ski-rental/,Jet Ski Rental
https://www.longisland.com/jewelry-watches/,Jewelry & Watches
https://www.longisland.com/junk-removal/,Junk Removal
https://www.longisland.com/kayak-canoe-rentals/,Kayak & Canoe Rentals
https://www.longisland.com/kids-after-school-programs/,Kids After School Programs
https://www.longisland.com/kids-cooking-classes/,Kids Cooking Classes
http://www.longisland.com/kids/,Kids Guide
https://www.longisland.com/kids-entertainment/,Kids Parties & Entertainment
https://www.longisland.com/party-places/,Kids Party Venues
https://www.longisland.com/kids-special-needs-programs/,Kids Special Needs Programs
https://www.longisland.com/kids-sports/,Kids Sports
https://www.longisland.com/kids-therapists/,Kids Therapists
https://www.longisland.com/kitchen-bath/,Kitchen & Bath
https://www.longisland.com/laboratory-testing/,Laboratory & Testing
https://www.longisland.com/landscape-architects/,Landscape Architects
https://www.longisland.com/landscaping/,Landscaping
https://www.longisland.com/land-use-and-zoning-law/,Land Use and Zoning Law
https://www.longisland.com/laser-hair-removal/,Laser Hair Removal
https://www.longisland.com/laser-tag/,Laser Tag
https://www.longisland.com/laundromats/,Laundromats
https://www.longisland.com/lawn-maintenance/,Lawn Maintenance
https://www.longisland.com/lawyers/,Lawyers
https://www.longisland.com/libraries/,Libraries
https://www.longisland.com/lice-removal/,Lice Removal
https://www.longisland.com/lighthouses/,Lighthouses
https://www.longisland.com/limos/,Limousines
https://www.longisland.com/lingerie/,Lingerie
https://www.longisland.com/liquor-stores/,Liquor Stores
https://www.longisland.com/live-streaming/,Live Streaming 
https://www.longisland.com/locksmiths/,Locksmiths
https://www.longisland.com/long-island-tourism/,Long Island Tourism
https://www.longisland.com/long-term-care/,Long Term Care
https://www.longisland.com/machinery/,Machinery
https://www.longisland.com/magazines/,Magazines
https://www.longisland.com/magicians/,Magicians
https://www.longisland.com/malls/,Malls
https://www.longisland.com/manicures-pedicures/,Manicures / Pedicures
https://www.longisland.com/marinas/,Marinas
https://www.longisland.com/boating-electronics-equipment-dealers/,Marine Electronics & Equipment Dealers
https://www.longisland.com/marketing-sales/,Marketing & Sales
https://www.longisland.com/martial-arts/,Martial Arts
https://www.longisland.com/massage-therapy/,Massage Therapy
https://www.longisland.com/maternity/,Maternity
https://www.longisland.com/mattress-companies/,Mattress Companies
https://www.longisland.com/medical-equipment/,Medical Equipment
https://www.longisland.com/medical-malpractice/,Medical Malpractice
https://www.longisland.com/meeting-conference-rooms/,Meeting & Conference Rooms
https://www.longisland.com/merchant-services/,Merchant Services
https://www.longisland.com/mini-golf/,Mini Golf
https://www.longisland.com/mls/,MLS
http://www.longisland.com/martial-arts/,MMA Schools
https://www.longisland.com/mold-removal/,Mold Removal & Restoration
https://www.longisland.com/mommy-me/,Mommy & Me
http://www.longisland.com/mortgage-services/,Mortgages
https://www.longisland.com/mortgage-services/,Mortgage Services
https://www.longisland.com/motels/,Motels
https://www.longisland.com/motorcycles/,Motorcycles
https://www.longisland.com/motorcycle-shipping-services/,Motorcycle Shipping Services
http://www.longisland.com/movers/,Movers
http://www.longisland.com/movies/,Movie Theaters
https://www.longisland.com/movers/,Moving
https://www.longisland.com/museums/,Museums
https://www.longisland.com/musical-instruments/,Musical Instruments
https://www.longisland.com/music-lessons/,Music Lessons
https://www.longisland.com/music-record-stores/,Music & Record Stores
https://www.longisland.com/nannies/,Nannies
https://www.longisland.com/networking-solutions/,Networking Solutions
https://www.longisland.com/new-construction/,New Construction
https://www.longisland.com/newspapers/,Newspapers
http://nightlife.longisland.com/night-clubs/,Night Clubs
http://nightlife.longisland.com/,Nightspots
https://www.longisland.com/nurseries/,Nurseries
https://www.longisland.com/nursery-schools/,Nursery Schools
https://www.longisland.com/obstacle-courses/,Obstacle Courses
https://www.longisland.com/office-cleaning/,Office Cleaning
https://www.longisland.com/office-furniture/,Office Furniture
https://www.longisland.com/offices-for-rent/,Offices For Rent
https://www.longisland.com/office-supplies/,Office Supplies
https://www.longisland.com/oil-companies/,Oil Companies
https://www.longisland.com/oncology/,Oncology
https://www.longisland.com/open-play/,Open Play
https://www.longisland.com/optometrist/,Optometrist
https://www.longisland.com/orthodontists/,Orthodontists
https://www.longisland.com/other-b2b-services/,Other B2B Services
https://www.longisland.com/other-boating-services/,Other Boating Services
https://www.longisland.com/other-halloween-events/,Other Halloween Events
https://www.longisland.com/other-services/,Other Home Improvement Services
https://www.longisland.com/outdoor-adventure/,Outdoor Adventure
https://www.longisland.com/outdoor-lighting/,Outdoor Lighting
https://www.longisland.com/outdoor-power-equipment/,Outdoor Power Equipment
https://www.longisland.com/outpatient-facilities/,Outpatient Facilities
https://www.longisland.com/paddleboarding/,Paddleboarding Rentals
https://www.longisland.com/paintball/,Paintball & Airsoft
https://www.longisland.com/painters/,Painters
https://www.longisland.com/paint-nite/,Paint Night / Plant Night
https://www.longisland.com/paralegal/,Paralegal
https://www.longisland.com/parks/,Parks
https://www.longisland.com/party-planning/,Party Planning
https://www.longisland.com/party-rentals/,Party Rentals
https://www.longisland.com/patios/,Patios & Decks
https://www.longisland.com/paving/,Paving
https://www.longisland.com/pawn-shops/,Pawn Shops
https://www.longisland.com/pediatric-dentists/,Pediatric Dentists
https://www.longisland.com/pediatricians/,Pediatricians
https://www.longisland.com/permits-licensing/,Permits & Licensing
https://www.longisland.com/personal-appraisers/,Personal Appraisers
https://www.longisland.com/personal-injury-law/,Personal Injury Lawyers
https://www.longisland.com/personal-shopper/,Personal Shopper
https://www.longisland.com/personal-training/,Personal Training
https://www.longisland.com/pest-control/,Pest Control
https://www.longisland.com/pet-insurance/,Pet Insurance
https://www.longisland.com/pet-photography/,Pet Photography
https://www.longisland.com/pet-services/,Pet Services
https://www.longisland.com/pet-sitting-day-care/,Pet Sitting & Day Care
http://www.longisland.com/pet-supplies/,Pet Stores
https://www.longisland.com/pet-supplies/,Pet Supplies / Stores
https://www.longisland.com/pharmacies/,Pharmacies
https://www.longisland.com/philanthropic-organizations/,Philanthropic Organizations
https://www.longisland.com/photographers/,Photographers
https://www.longisland.com/photography-classes/,Photography Classes
https://www.longisland.com/physical-therapy/,Physical Therapy
https://www.longisland.com/picture-framing/,Picture Framing
https://www.longisland.com/pilates/,Pilates
http://www.longisland.com/restaurants/listing/cuisine/pizza,Pizzerias
http://www.longisland.com/planetariums.html,Planetariums
https://www.longisland.com/plastic-surgery/,Plastic Surgery
https://www.longisland.com/plumbers/,Plumbers
https://www.longisland.com/plumbing-supply/,Plumbing Supply
https://www.longisland.com/podiatrists/,Podiatrists
https://www.longisland.com/police-departments/,Police Departments
https://www.longisland.com/pools/,Pools
https://www.longisland.com/post-offices/,Post Offices
https://www.longisland.com/powerwashing/,Powerwashing
https://www.longisland.com/preschool/,PreSchools
https://www.longisland.com/primary-care/,Primary Care
https://www.longisland.com/printing/,Printing
https://www.longisland.com/private-schools/,Private Schools
https://www.longisland.com/professional-portraits/,Professional Portraits
https://www.longisland.com/professional-services/,Professional Services
https://www.longisland.com/property-management/,Property Management
https://www.longisland.com/psychiatrists/,Psychiatrists
https://www.longisland.com/psychics/,Psychic Readings
https://www.longisland.com/psychologists/,Psychologists
https://www.longisland.com/public-pools/,Public Pools
https://www.longisland.com/public-relations/,Public Relations
http://www.longisland.com/school-districts/,Public Schools
https://www.longisland.com/pumpkin-picking/,Pumpkin Picking
https://www.longisland.com/radiology/,Radiology
https://www.longisland.com/radio-stations/,Radio Stations
http://www.longisland.com/lirr.html,Railroad
https://www.longisland.com/real-estate-attorney/,Real Estate Attorney
https://www.longisland.com/real-estate-consultants/,Real Estate Consultants
https://www.longisland.com/real-estate-law/,Real Estate Law
https://www.longisland.com/real-estate-photography/,Real Estate Photography
https://www.longisland.com/real-estate/,Real Estate Services
https://www.longisland.com/real-estate-tax-certiorari-law-condemnation/,Real Estate Tax Certiorari Law & Condemnation
https://www.longisland.com/recording-studios/,Recording Studios
https://www.longisland.com/recreation-centres/,Recreation Centers
https://www.longisland.com/recycling/,Recycling Facilities
https://www.longisland.com/religious-schools/,Religious Schools
https://www.longisland.com/veterans-organizations/,Remembrance & Veterans Groups 
https://www.longisland.com/renovations/,Renovations & Remodeling
https://www.longisland.com/rentals/,Rentals
https://www.longisland.com/resorts/,Resorts
https://www.longisland.com/restaurant-paper-rolls/,Restaurant Paper Rolls
http://www.longisland.com/restaurants/,Restaurants
https://www.longisland.com/retail-stores/,Retail Stores
https://www.longisland.com/retirement-homes/,Retirement Homes
https://www.longisland.com/reverse-mortgages/,Reverse Mortgages
https://www.longisland.com/rinks/,Rinks
https://www.longisland.com/rock-climbing/,Rock Climbing
https://www.longisland.com/roofing/,Roofing
https://www.longisland.com/rvs-recreational-vehicles/,RVs & Recreational Vehicles
https://www.longisland.com/sailing/,Sailing
https://www.longisland.com/salt-cave/,Salt Cave
https://www.longisland.com/saunas-spas/,Saunas & Spas
http://www.longisland.com/long-island-school-closings.html,School Closings
http://www.longisland.com/school-districts/,School Districts
https://www.longisland.com/scuba-diving/,Scuba Diving
http://www.longisland.com/restaurants/listing/cuisine/143,Seafood Stores
https://www.longisland.com/seal-watching/,Seal Watching
http://realestate.longisland.com/,Search Real Estate
https://www.longisland.com/security-services/,Security Services
https://www.longisland.com/server-co-location/,Server Co-Location
https://www.longisland.com/service-stations/,Service Stations
https://www.longisland.com/shark-diving/,Shark Diving
https://www.longisland.com/shelters/,Shelters
http://www.longisland.com/animal-shelters/,Shelters & Adoption Centers
https://www.longisland.com/shoe-stores/,Shoe Stores
https://www.longisland.com/shooting-ranges/,Shooting Ranges
https://www.longisland.com/shopping/,Shopping
https://www.longisland.com/signs/,Signs
https://www.longisland.com/singles-online-dating/,Singles & Online Dating
https://www.longisland.com/skiing-snowboarding/,Skiing & Snowboarding
https://www.longisland.com/skin-care/,Skin Care
https://www.longisland.com/sky-diving/,Sky Diving
https://www.longisland.com/snow-removal/,Snow Removal
https://www.longisland.com/soccer/,Soccer
https://www.longisland.com/green-energy/,Solar / Green / Renewable
https://www.longisland.com/solar-renewable-energy/,Solar & Renewable Energy
https://www.longisland.com/specialty-boutiques/,Specialty Boutiques
https://www.longisland.com/spectator-sports/,Spectator Sports
https://www.longisland.com/spook-walks/,Spook Walks & Trails
https://www.longisland.com/sporting-goods/,Sporting Goods
https://www.longisland.com/sports-activities/,Sports Activities
https://www.longisland.com/sprinklers-irrigation/,Sprinklers & Irrigation
https://www.longisland.com/stairlifts/,Stairlifts
https://www.longisland.com/storage/,Storage
https://www.longisland.com/strawberry-picking/,Strawberry Picking
https://www.longisland.com/stump-grinding/,Stump Grinding
https://www.longisland.com/summer-camps/,Summer Camps
https://www.longisland.com/surfing/,Surfing
https://www.longisland.com/sweets-shops/,Sweets Shops
https://www.longisland.com/swimming-lessons/,Swimming Lessons
http://www.longisland.com/pools/,Swimming Pools
https://www.longisland.com/tanning-salons/,Tanning Salons
https://www.longisland.com/body-art-piercings/,Tattoo & Piercings
https://www.longisland.com/tax-attorneys/,Tax Attorneys
https://www.longisland.com/taxes/,Taxes
https://www.longisland.com/taxis/,Taxis
https://www.longisland.com/tax-reduction/,Tax Reduction Services
https://www.longisland.com/tea-houses/,Tea Houses
https://www.longisland.com/telecommunications-law/,Telecommunications Law
https://www.longisland.com/telephone-services/,Telephone Services
http://www.longisland.com/temples.html,Temples
https://www.longisland.com/tennis-courts/,Tennis Courts
https://www.longisland.com/theaters/,Theaters & Performing Arts
https://www.longisland.com/therapy-counseling/,Therapy & Counseling
http://www.longisland.com/things-to-do/,Things To Do
https://www.longisland.com/tile-dealers-tile-contractors/,Tile Dealers & Tile Contractors
https://www.longisland.com/tires-wheels/,Tires & Wheels
https://www.longisland.com/title-companies/,Title Companies
https://www.longisland.com/tourism/,Tourism
https://www.longisland.com/tours/,Tours
https://www.longisland.com/towing/,Towing
https://www.longisland.com/toy-stores/,Toy Stores
https://www.longisland.com/trade-schools/,Trade Schools
https://www.longisland.com/trade-shows/,Trade Shows, Expositions & Conventions
http://www.longisland.com/traffic/,Traffic
http://www.longisland.com/traffic-cameras/,Traffic Cameras
https://www.longisland.com/traffic-tickets/,Traffic Tickets
https://www.longisland.com/trails/,Trails
https://www.longisland.com/training/,Training
https://www.longisland.com/transportation/,Transportation
https://www.longisland.com/travel-agencies/,Travel Agencies
https://www.longisland.com/tree-services/,Tree Services
https://www.longisland.com/truck-van-rental/,Truck & Van Rental
https://www.longisland.com/catalog-parties/,Tupperware & Catalog Parties 
https://www.longisland.com/tutoring/,Tutoring
https://www.longisland.com/tuxedos-formal-wear/,Tuxedos & Formal Wear
https://www.longisland.com/tv-repair/,TV Repair
https://www.longisland.com/urgent-care/,Urgent Care
https://www.longisland.com/vape-shops/,Vape Shops
https://www.longisland.com/vending-machines/,Vending Machines
https://www.longisland.com/veterinarians/,Veterinarians
https://www.longisland.com/video-game-stores/,Video Game Stores
https://www.longisland.com/video-production/,Video Production
https://www.longisland.com/vineyard-tours/,Vineyard Tours
https://www.longisland.com/virtual-assistants/,Virtual Assistants
https://www.longisland.com/virtual-tours/,Virtual Tours
https://www.longisland.com/waste/,Waste & Sanitation
https://www.longisland.com/water-fire-smoke-damage/,Water, Fire & Smoke Damage
https://www.longisland.com/waterproofing/,Waterproofing
https://www.longisland.com/water-sports/,Water Sports
https://www.longisland.com/water-taxi/,Water Taxi
https://www.longisland.com/web-design-development/,Web Design & Development
https://www.longisland.com/web-hosting/,Web Hosting
http://weddings.longisland.com/disc-jockeys/,Wedding DJs
http://weddings.longisland.com/gowns-dresses/,Wedding Dresses
http://weddings.longisland.com/florists/,Wedding Flowers
http://weddings.longisland.com/limousines/,Wedding Limousines
http://weddings.longisland.com/photographers/,Wedding Photographers
https://www.longisland.com/wedding-planners/,Wedding Planners
https://www.longisland.com/wedding-supplies/,Wedding Supplies
http://weddings.longisland.com/videographers/,Wedding Videographer
https://www.longisland.com/whale-watching/,Whale Watching
https://www.longisland.com/wholesalers/,Wholesalers
https://www.longisland.com/windows-siding/,Windows & Siding
https://www.longisland.com/wine-liquor/,Wine & Liquor
https://www.longisland.com/wineries/,Wineries & Vineyards
https://www.longisland.com/wireman-cableman/,Wireman / Cableman
https://www.longisland.com/yard-clean-up/,Yard Clean Up
https://www.longisland.com/yoga/,Yoga
https://www.longisland.com/yogurt-shops/,Yogurt Shops
https://www.longisland.com/zip-lining/,Zip Lining
https://www.longisland.com/zoos/,Zoos & Animal Sanctuaries
https://www.longisland.com/advertise,Advertise With Us
https://www.longisland.com/business/gotham-immersive-event-space.html,Gotham Immersive Event Space
http://nightlife.longisland.com/,Nightspots
https://www.longisland.com/business/long-island-magazine.html,Long Island Magazine
https://www.longisland.com/magazines/,Magazines
https://www.longisland.com/business/big-river-barn-rescue.html,Big River Barn Rescue
https://www.longisland.com/horseback-riding/,Horseback Riding
https://www.longisland.com/business/tiki-boat-long-island.html,Tiki Boat Long Island
https://www.longisland.com/tours/,Tours
https://www.longisland.com/business/fencetekk.html,Fencetekk
https://www.longisland.com/home-improvement/,Home Improvement
https://www.longisland.com/business/timeless-body.html,Timeless Body
https://www.longisland.com/health-beauty/,Health & Wellness
https://events.longisland.com/,Events
https://www.longisland.com/wineries/,Vineyards
https://www.longisland.com/restaurants/,Restaurants
https://nightlife.longisland.com/,Nightlife
https://www.longisland.com/beaches/,Beaches
https://www.longisland.com/museums/,Museums
https://www.longisland.com/things-to-do/,More...
https://www.longisland.com/car-dealers-new-cars/,Car Dealers
https://www.longisland.com/contractors/,Contractors
https://www.longisland.com/day-camps/,Day Camps
https://www.longisland.com/hotels_motels/,Hotels
https://www.longisland.com/limos/,Limos
https://weddings.longisland.com/reception-sites/,Wedding Venues
https://www.longisland.com/business/,More...
https://www.longisland.com/news/,News
https://www.longisland.com/lirr.html,LIRR Schedule
https://www.longisland.com/traffic/,Traffic
https://www.longisland.com/weather/,Weather
https://www.longisland.com/towns/,Neighborhood Guide
https://www.longisland.com/advertise/,Advertise
https://www.longisland.com/contact/,Contact
https://www.longisland.com/about/,About
https://www.youtube.com/user/longislandmedia/videos,
https://www.facebook.com/LongIslandCom,
http://instagram.com/longisland/,
https://twitter.com/longisland,
http://pinterest.com/longisland/,
https://www.longisland.com/sitemap/,Sitemap
https://www.longisland.com/disclaimer/,Disclaimer
https://www.longisland.com/terms/,Terms of Use
https://www.longisland.com/privacy/,Privacy Policy
